license_number,name_on_license,license_type,expiration_date,last_verified
RN-551203,"REYES, SOFIA",Registered Nurse,2025-03-15,05-06-2026
CNA-884710,"OKONKWO, JAMES",CNA,01/20/2027,05-10-2026
LPN-339201,"CHEN, MARIA",Licensed Practical Nurse,11/05/2026,2026-07-11
RN-772045,"WASHINGTON, DAVID",Registered Nurse,12-01-2026,2026-07-19
RN-610398,"PATEL, AISHA",Registered Nurse,12-30-2026,08/28/2026
CNA-990145,"MENDEZ, CARLOS",CNA,11-15-2026,2026-05-18
PT-445501,"NGUYEN, JENNIFER",Physical Therapy,05-20-2027,08-14-2026
RN-881234,"KIM, ROBERT",Registered Nurse,10/26/2026,04/24/2026
SW-223344,"AL-RASHID, FATIMA",Social Work,2027-09-06,2026-07-08
CNA-556677,"JOHNSON, MARCUS",CNA,2027-02-28,2026-05-02
