payroll_id,employee_name,job_code,facility_code,period_start,period_end,hours_paid
P1001,"ReYes, Sofia",RN,BYS,2026-09-14,2026-09-20,36
P1002,"OKONKWO, JAMES",CNA,BYS,2026-09-14,2026-09-20,36
P1003,"ChEn, Maria",LPN,RVD,2026-09-14,2026-09-20,40
P1004,"Washington, David",RN,RVD,2026-09-14,2026-09-20,32
P1005,"PATEL, AISHA",DON,BYS,2026-09-14,2026-09-20,36
P1006,"Mendez, Carlos",CNA,BYS,2026-09-14,2026-09-20,32
P1007,"NGUYEN, JENNIFER",PT,RVD,2026-09-14,2026-09-20,36
P1008,"KIM, Robert",RN,RVD,2026-09-14,2026-09-20,36
P1009,"AL-RASHID, FATIMA",SW,BYS,2026-09-14,2026-09-20,40
P1010,"JohnsOn, Marcus",CNA,RVD,2026-09-14,2026-09-20,40
P1011,"Reyes, Sofia",RN,BYS,2026-09-28,2026-10-04,40
P1012,"Okonkwo, James",CNA,BYS,2026-09-28,2026-10-04,28
P1013,"Chen, Maria",LPN,RVD,2026-09-28,2026-10-04,28
P1014,"WASHINGTON, David",RN,RVD,2026-09-28,2026-10-04,32
P1015,"PATEL, Aisha",DON,BYS,2026-09-28,2026-10-04,32
P1016,"MENDEZ, Carlos",CNA,BYS,2026-09-28,2026-10-04,32
P1017,"NGUYEN, JENNIFER",PT,RVD,2026-09-28,2026-10-04,36
P1018,"KIM, ROBERT",RN,RVD,2026-09-28,2026-10-04,40
P1019,"Al-Rashid, Fatima",SW,BYS,2026-09-28,2026-10-04,32
P1020,"Johnson, Marcus",CNA,RVD,2026-09-28,2026-10-04,44
