Facility,Employee,Monday,Tuesday,Wednesday,Thursday,Friday,Saturday,Sunday
Bayside,Sofia Reyes,7a-3p,3p-11p,OFF,3p-11p,7a-7p,3p-11p,7a-7p
Bayside,James Okonkwo,11p-7a,7a-7p,OFF,11p-7a,OFF,3p-11p,OFF
Bayside,Aisha Patel,7a-3p,7a-3p,7a-3p,11p-7a,3p-11p,7a-7p,7a-7p
Bayside,Carlos Mendez,3p-11p,OFF,11p-7a,7a-7p,7a-3p,7a-3p,OFF
Bayside,Fatima Al-Rashid,7a-3p,3p-11p,3p-11p,11p-7a,7a-3p,7a-3p,OFF
Riverdale,Maria Chen,7a-3p,3p-11p,7a-7p,7a-7p,3p-11p,7a-7p,7a-7p
Riverdale,David Washington,7a-7p,11p-7a,7a-3p,7a-3p,7a-3p,OFF,3p-11p
Riverdale,Jennifer Nguyen,OFF,3p-11p,OFF,OFF,7a-7p,OFF,3p-11p
Riverdale,Robert Kim,7a-3p,7a-7p,11p-7a,3p-11p,11p-7a,7a-7p,OFF
Riverdale,Marcus Johnson,7a-7p,7a-3p,OFF,7a-3p,OFF,11p-7a,OFF
